name,win,lose,draw,games_played,win_rate
RNN_Gen4,538,262,0,800,0.6725
model4-12,510,290,0,800,0.6375
RNN_Gen3,494,306,0,800,0.6175
RNN_Gen2,481,319,0,800,0.60125
model4-0,437,363,0,800,0.54625
model3-0,360,440,0,800,0.45
model2-0,293,507,0,800,0.36625
BallFollowerBot,253,547,0,800,0.31625
RNN_Gen2-1,234,566,0,800,0.2925
