name,win,lose,draw,games_played,win_rate
RNN_Gen4,505,195,0,700,0.7214285714285714
model4-12,437,263,0,700,0.6242857142857143
RNN_Gen3,413,287,0,700,0.59
RNN_Gen2,388,312,0,700,0.5542857142857143
model4-0,384,316,0,700,0.5485714285714286
model3-0,300,400,0,700,0.42857142857142855
model2-0,210,490,0,700,0.3
RNN_Gen1,163,537,0,700,0.23285714285714285
