name,win,lose,draw,games_played,win_rate
RNN_Gen4,543,257,0,800,0.67875
RNN_Gen3,539,261,0,800,0.67375
model4-12,492,308,0,800,0.615
RNN_Gen2,486,314,0,800,0.6075
model4-0,470,330,0,800,0.5875
model3-0,375,425,0,800,0.46875
model2-0,271,529,0,800,0.33875
BallFollowerBot,220,580,0,800,0.275
RNN_Gen1,204,596,0,800,0.255
