name,win,lose,draw,games_played,win_rate
RNN_Gen6,390,210,0,600,0.65
RNN_Gen5,375,225,0,600,0.625
RNN_Gen4,342,258,0,600,0.57
RNN_Gen3,320,280,0,600,0.5333333333333333
RNN_Gen2,293,307,0,600,0.48833333333333334
BallFollowerBot,226,374,0,600,0.37666666666666665
RNN_Gen1,154,446,0,600,0.25666666666666665
