model_id,win,lose,draw,games_played,win_rate
RNN_Gen6,602,198,0,800,0.7525
RNN_Gen4,559,241,0,800,0.69875
RNN_Gen5,554,246,0,800,0.6925
RNN_Gen3,506,294,0,800,0.6325
RNN_Gen2,490,310,0,800,0.6125
BallFollowerBot,398,402,0,800,0.4975
RNN_Gen1,315,485,0,800,0.39375
model4-12,98,702,0,800,0.1225
model2-0,78,722,0,800,0.0975
