model_id,win,lose,draw,games_played,win_rate
RNN_Gen6,620,280,0,900,0.6888888888888889
RNN_Gen5,611,289,0,900,0.6788888888888889
RNN_Gen4,578,322,0,900,0.6422222222222222
RNN_Gen7,578,322,0,900,0.6422222222222222
RNN_Gen3,553,347,0,900,0.6144444444444445
RNN_Gen2,539,361,0,900,0.5988888888888889
BallFollowerBot,465,435,0,900,0.5166666666666667
RNN_Gen1,342,558,0,900,0.38
model4-12,115,785,0,900,0.12777777777777777
model2-0,99,801,0,900,0.11
