,win,lose,games,win_rate
model4-12,227,73,300,0.7566666666666667
model2-0,73,227,300,0.24333333333333335
