name,win,lose,draw,games_played,win_rate
RNN_Gen6,398,202,0,600,0.6633333333333333
RNN_Gen4,348,252,0,600,0.58
RNN_Gen5,348,252,0,600,0.58
RNN_Gen3,343,257,0,600,0.5716666666666667
RNN_Gen2,276,324,0,600,0.46
BallFollowerBot,245,355,0,600,0.4083333333333333
RNN_Gen1,142,458,0,600,0.23666666666666666
