,win,lose,games,win_rate
model4-12,1423,77,1500,0.9486666666666667
model5-5_fault,691,809,1500,0.46066666666666667
model5-2_fault,628,872,1500,0.4186666666666667
model5-4_fault,624,876,1500,0.416
model5-1_fault,569,931,1500,0.37933333333333336
model5-3_fault,565,935,1500,0.37666666666666665
