name,win,lose,draw,games_played,win_rate
RNN_Gen6,401,199,0,600,0.6683333333333333
RNN_Gen5,356,244,0,600,0.5933333333333334
RNN_Gen4,340,260,0,600,0.5666666666666667
RNN_Gen3,339,261,0,600,0.565
RNN_Gen2,296,304,0,600,0.49333333333333335
BallFollowerBot,216,384,0,600,0.36
RNN_Gen1,152,448,0,600,0.25333333333333335
